{
  "camera": {
    "P": [
      598.46979743,
      0,
      318.86661906,
      0,
      598.30945874,
      205.43676911,
      0,
      0,
      1
    ],
    "distortion": [
      2.15362815e-01,
      -1.10434423e+00,
      4.45313876e-04,
      4.08613255e-03,
      8.52395384e-01
    ],
    "other properties will be ignored": "",
    "width": 640,
    "height": 480
  }
}
